sentiment_simple,trade_count,avg_pnl,median_pnl,win_rate
fear,133871,50.047621894017375,0.0,0.41514592406122314
greed,43251,77.8382471422626,0.0,0.453492404799889
